age,workclass,education_num,marital_status,occupation,relationship,sex,capital_gain,capital_loss,hours_per_week,income
31,Private,1,Never-married,Prof-specialty,Husband,Male,0,0,39,<=50K
46,Private,1,Widowed,Prof-specialty,Wife,Female,0,0,22,<=50K
60,Federal-gov,9,Never-married,Sales,Own-child,Male,0,0,56,>50K
75,Private,4,Divorced,Prof-specialty,Husband,Male,0,0,51,>50K
54,Self-emp-not-inc,3,Divorced,Craft-repair,Own-child,Male,0,0,54,<=50K
38,Private,8,Divorced,Machine-op-inspct,Wife,Male,18350,0,46,>50K
57,State-gov,13,Widowed,Exec-managerial,Wife,Female,10411,0,39,>50K
34,Self-emp-not-inc,8,Widowed,Sales,Unmarried,Female,0,0,39,<=50K
28,State-gov,2,Never-married,Exec-managerial,Unmarried,Female,0,0,44,<=50K
18,State-gov,4,Never-married,Sales,Husband,Female,0,0,33,<=50K
39,Federal-gov,4,Married-civ-spouse,Sales,Unmarried,Male,0,0,46,<=50K
58,Federal-gov,16,Divorced,Craft-repair,Husband,Male,0,0,67,>50K
79,Federal-gov,3,Married-civ-spouse,Sales,Not-in-family,Male,0,0,54,>50K
42,Private,10,Widowed,Tech-support,Own-child,Male,0,0,25,>50K
46,Federal-gov,8,Never-married,Machine-op-inspct,Wife,Female,0,0,58,>50K
79,State-gov,7,Married-civ-spouse,Machine-op-inspct,Wife,Male,0,0,21,<=50K
29,Local-gov,14,Never-married,Tech-support,Husband,Male,0,0,32,>50K
41,Federal-gov,7,Never-married,Exec-managerial,Husband,Male,0,0,33,<=50K
18,Private,3,Married-civ-spouse,Machine-op-inspct,Wife,Female,0,0,60,<=50K
17,Self-emp-not-inc,13,Widowed,Craft-repair,Husband,Male,0,0,37,>50K
57,Self-emp-not-inc,2,Never-married,Prof-specialty,Husband,Male,0,0,52,>50K
47,Federal-gov,13,Never-married,Exec-managerial,Unmarried,Female,0,0,58,>50K
50,Private,7,Divorced,Exec-managerial,Husband,Female,0,0,34,<=50K
29,Self-emp-not-inc,3,Never-married,Craft-repair,Not-in-family,Female,0,0,26,<=50K
18,Local-gov,10,Never-married,Other-service,Own-child,Male,0,0,45,<=50K
60,Local-gov,7,Never-married,Tech-support,Husband,Male,0,0,31,<=50K
59,Private,5,Widowed,Prof-specialty,Wife,Male,0,0,33,>50K
64,Self-emp-not-inc,5,Never-married,Sales,Husband,Female,0,0,36,<=50K
69,Local-gov,5,Married-civ-spouse,Exec-managerial,Not-in-family,Male,0,0,47,>50K
51,State-gov,6,Married-civ-spouse,Craft-repair,Own-child,Female,0,0,41,<=50K
46,State-gov,8,Divorced,Sales,Unmarried,Female,0,0,47,<=50K
20,Local-gov,4,Never-married,Prof-specialty,Not-in-family,Male,0,256,46,<=50K
66,Local-gov,7,Married-civ-spouse,Sales,Unmarried,Female,0,0,39,>50K
32,State-gov,10,Married-civ-spouse,Craft-repair,Wife,Female,0,0,22,<=50K
68,Self-emp-not-inc,1,Divorced,Exec-managerial,Unmarried,Female,0,0,37,<=50K
38,Self-emp-not-inc,3,Married-civ-spouse,Other-service,Wife,Male,0,0,36,>50K
22,State-gov,8,Married-civ-spouse,Other-service,Not-in-family,Male,0,0,56,<=50K
35,Federal-gov,1,Married-civ-spouse,Craft-repair,Not-in-family,Male,0,0,58,<=50K
48,Federal-gov,4,Divorced,Machine-op-inspct,Unmarried,Female,0,2538,19,<=50K
74,State-gov,6,Divorced,Machine-op-inspct,Wife,Female,0,0,39,<=50K
73,State-gov,3,Never-married,Craft-repair,Wife,Male,0,0,38,<=50K
25,Federal-gov,14,Widowed,Exec-managerial,Husband,Female,0,0,27,<=50K
78,Federal-gov,1,Widowed,Prof-specialty,Unmarried,Male,0,0,49,<=50K
79,State-gov,8,Widowed,Other-service,Wife,Male,0,0,38,>50K
67,State-gov,1,Divorced,Exec-managerial,Own-child,Female,0,0,50,<=50K
65,Local-gov,9,Never-married,Other-service,Wife,Male,0,0,40,<=50K
22,Federal-gov,1,Married-civ-spouse,Exec-managerial,Wife,Female,0,0,47,<=50K
49,Private,12,Married-civ-spouse,Sales,Own-child,Female,0,0,48,>50K
67,Private,7,Divorced,Machine-op-inspct,Unmarried,Male,0,0,56,<=50K
61,State-gov,14,Widowed,Machine-op-inspct,Own-child,Female,0,0,37,>50K
